228018,17542,"iab19,iab19-6",technologycomputing-cellphones,guidingtech.com,https://www.guidingtech.com/49753/fastest-way-join-images-ios-android/,www.google.com,www.google.com
228018,17542,"iab19,iab19-6",technologycomputing-cellphones,guidingtech.com,https://www.guidingtech.com/49753/fastest-way-join-images-ios-android/,www.google.com,www.google.com
xapi:215634:vlwaykk_ybwk,17542,"iab3,iab3-2",business-agriculture,forbes (mobile - amp),forbes.com,www.google.com,www.google.com
xapi:215640:vlwaykk_ybwk,17542,"iab3,iab3-2",business-agriculture,forbes (mobile),forbes.com,www.google.com,www.google.com
197071,17542,"iab1,iab1-5",artsentertainment-movies,letras,https://m.letras.com/madonna/81504/,www.google.com,www.google.com
605305,17542,"iab14,iab14-1",society-dating,mocospace,http://www.mocospace.com/wk/album/photoalbum-list.jsp,www.google.com,www.google.com
179026,17542,"iab17,iab17-9",sports-cricket,scrollerads_pb,https://walkon.com/,www.google.com,www.google.com
668,17542,"iab1,iab1-4",artsentertainment-humor,bro my god,www.bromygod.com/2015/06/17/13-life-hacks-that-no-one-should-follow/,www.google.com,www.google.com
612861,17542,"iab17,iab17-12",sports-football,FALSE,http://muthead.com/,www.google.com,www.google.com
213950,17542,"iab9,iab9-11",hobbiesinterests-comicbooks,mobile solutions en pp,https://en.softonic.com/solutions/what-are-the-best-tools-to-watch-videos-in-sync-with-my-friends-when-we-are-apart,www.google.com,www.google.com
xapi:210166:yfcpzjvvaj6e,17542,iab12,news,core-att-smartwrapper,https://start.att.net/,www.google.com,www.google.com
605306,17542,"iab14,iab14-1",society-dating,mocospace,http://www.mocospace.com/wk/profile-view.jsp,www.google.com,www.google.com
625442,17542,"iab14,iab14-3",society-gaylife,omnicity.com_18ed2c7f77ac42b2e5f533ca61c6c7fd,http://omnicity.com/melpennnington,www.google.com,www.google.com
244967,17542,"iab21,iab21-1",realestate-apartments,royallepage.ca,https://www.royallepage.ca/en/homes/bc/west-vancouver/3641-mathers-avenue/bc-wvn-10037057/,www.google.com,www.google.com
256667,17542,"iab9,iab9-11",hobbiesinterests-comicbooks,lightnovelbastion.com,https://www.lightnovelbastion.com/,www.google.com,www.google.com
625177,17542,"iab19,iab19-34",technologycomputing-webdesignhtml,viewpure.com_50700862ca83fe0d81c7b3e9d3373783,http://viewpure.com/,www.google.com,www.google.com
625410,17542,"iab17,iab17-4",sports-bodybuilding,nicoclub.com_9eac37e8b1a2e83a495bf704708ed585,https://nicoclub.com/archives/kn-vs-oem-filter.html,www.google.com,www.google.com
121734,17542,"iab19,iab19-16",technologycomputing-graphicssoftware,cifra_club,https://m.cifraclub.com.br/miguel-jontel/sure-thing/,www.google.com,www.google.com
254410,17542,"iab17,iab17-42",sports-walking,expressandstar.com,https://www.expressandstar.com/,www.google.com,www.google.com
256948,17542,"iab1,iab1-4",artsentertainment-humor,standard.co.uk,https://www.standard.co.uk/,www.google.com,www.google.com
xapi:214272:dcmw67h8gdvm,17542,"iab15,iab15-3",science-chemistry,slader mobile web - xapi,www.slader.com/textbook/9781111427641-precalculus-with-limits-a-graphing-approach/354/exercises/14/,www.google.com,www.google.com
xapi:207012:uhfacftspq2w,17542,"iab3,iab3-2",business-agriculture,forbes.com,https://www.forbes.com/sites/davidphelan/2018/10/31/new-ipad-pro-2018-and-pencil-five-things-nobody-told-you-release-date/?utm_medium=40digest.intl.home&utm_source=email&utm_content=&utm_campaign=campaign#575de1a65ece,www.google.com,www.google.com
626156,17542,"iab17,iab17-3",sports-bicycling,ih8mud.com_9eac37e8b1a2e83a495bf704708ed585,https://forum.ih8mud.com/threads/tell-me-about-anti-inversion-shackles.81744/page-3,www.google.com,www.google.com
268448,17542,"iab11,iab11-4",lawgovtpolitics-politics,zerohedge.com,https://www.zerohedge.com/,www.google.com,www.google.com
268651,17542,"iab17,iab17-12",sports-football,allkpop.com,https://www.allkpop.com/,www.google.com,www.google.com
xapi:199690:qxjkxl0lepzm,17542,"iab14,iab14-3",society-gaylife,people.com,https://people.com/parents/mom-asks-little-boy-leave-park-girls-only-play-time/,www.google.com,www.google.com
268380,17542,"iab1,iab1-4",artsentertainment-humor,inquisitr.com,https://www.inquisitr.com/,www.google.com,www.google.com
109275,17542,"iab15,iab15-4",science-geology,actitudfem_standalone_desktop,https://www.google.co.uk/,www.google.com,www.google.com
625961,17542,"iab11,iab11-4",lawgovtpolitics-politics,americasfreedomfight_2d102469f8b4d82acc968f6f2d707d83,https://americasfreedomfighters.com/americans-pissed-muslim-police/,www.google.com,www.google.com
xapi:217936:emffg4djstxu,17542,"iab6,iab6-7",familyparenting-pregnancy,babygaga.com,https://www.babygaga.com/15-women-who-had-an-unbelievable-amount-of-children/,www.google.com,www.google.com
243056,17542,"iab10,iab10-9",homegarden-remodelingconstruction,remaxquebec.com,https://www.remax-quebec.com/en/house-for-sale-monteregie/2976-rue-des-huards-vaudreuil-dorion-21857526.rmx,www.google.com,www.google.com
xapi:189972:vlwaykk_ybwk,17542,"iab1,iab1-4",artsentertainment-humor,news uk - eb - display,https://www.thesun.co.uk,www.google.com,www.google.com
625444,17542,"iab3,iab3-2",business-agriculture,farmingmods2015.com_9eac37e8b1a2e83a495bf704708ed585,http://www.farmingmods2015.com/static-objects-pack-v1-1-mod/,www.google.com,www.google.com
189686,17542,"iab14,iab14-3",society-gaylife,newsuk_thesun.co.uk,https://www.thesun.co.uk/news/7632258/woman-ignored-by-999-operator/?utm_source=applenews&utm_medium=brightcove_thumb#bc-video-5690441093001,www.google.com,www.google.com
xapi:199734:d_qa-xvy4aa4,17542,"iab14,iab14-3",society-gaylife,time.com,http://time.com/5440128/american-sailors-marines-drank-iceland-beer/,www.google.com,www.google.com
624353,17542,"iab9,iab9-30",hobbiesinterests-videocomputergames,farming2017mod.com_9eac37e8b1a2e83a495bf704708ed585,http://www.farming2017mod.com/suburgatory-v3-0-ls-2017/,www.google.com,www.google.com
210096,17542,"iab17,iab17-30",sports-runningjogging,pmp extension,https://www.runningshoesguru.com/content/new-balance-running-shoes-the-definitive-guide/,www.google.com,www.google.com
605301,17542,"iab14,iab14-1",society-dating,mocospace,http://www.mocospace.com/wk/profile-view.jsp,www.google.com,www.google.com
208018,17542,"iab1,iab1-4",artsentertainment-humor,play - mobile,https://play.howstuffworks.com/quiz/the-ultimate-beauty-the-beast-quiz-learn?mkcpgn=snap8bf41063f514401f98ae2d199ff1f2ce&utm_source=snapchat&utm_medium=paid&utm_campaign=snapchat,www.google.com,www.google.com
xapi:199638:_-plviofpftk,17542,iab12,news,ew.com,https://ew.com/tv/walking-dead-andrew-lincoln-last-episode-images-what-comes-after-905/#twd_905_jld_0622_06354_rt,www.google.com,www.google.com
xapi:199700:gizxbaa2m4ce,17542,"iab8,iab8-8",fooddrink-dessertsbaking,realsimple.com,https://www.realsimple.com/,www.google.com,www.google.com
xapi:217946:1kww4c8zxhaq,17542,"iab1,iab1-5",artsentertainment-movies,screenrant.com,https://screenrant.com/teen-titans-go-batman-v-superman-parody-poster/,www.google.com,www.google.com
xapi:213106:vlwaykk_ybwk,17542,"iab17,iab17-23",sports-olympics,newsweek amp rtc,https://www.ibtimes.com/how-airline-industry-has-evolved-100-years-commercial-air-travel-1524238,www.google.com,www.google.com
193924,17542,"iab23,iab23-4",religionspirituality-catholicism,vanityfair mweb - index,https://www.vanityfair.com/news/2018/10/pope-francis-benedict-conflict-catholic-church?mbid=social_facebook,www.google.com,www.google.com
xapi:197468:5hkpb2k5bdkw,17542,"iab19,iab19-6",technologycomputing-cellphones,idownloadblog.com,https://www.idownloadblog.com/2018/09/16/iphone-xr-xs-xs-max-wallpapers/,www.google.com,www.google.com
605303,17542,"iab14,iab14-6",society-teens,mocospace,http://www.mocospace.com/inbox,www.google.com,www.google.com
196714,17542,"iab3,iab3-2",business-agriculture,conde default mweb - index,https://www.wired.com/story/facebook-sketches-future-with-diminished-news-feed/,www.google.com,www.google.com
xapi:191156:nynv0wsmxq64,17542,"iab1,iab1-4",artsentertainment-humor,cheezburger.com,https://failblog.cheezburger.com/failbook/page/4,www.google.com,www.google.com
192532,17542,"iab13,iab13-11",personalfinance-stocks,zoopla responsive- mobile,https://m.zoopla.co.uk/to-rent/details/49518954,www.google.com,www.google.com
153908,17542,"iab5,iab5-6",education-distancelearning,slader mobile web hb,https://play.google.com/store/apps/details?id=com.slader.slader&hl=en,www.google.com,www.google.com
195822,17542,"iab7,iab7-42",healthfitness-substanceabuse,time_mweb,http://time.com/4747501/420-day-weed-marijuana-pot-slang/,www.google.com,www.google.com
189688,17542,"iab15,iab15-2",science-biology,iflscience,https://www.iflscience.com/,www.google.com,www.google.com
197650,17542,"iab7,iab7-9",healthfitness-bipolardisorder,funnyand.com mobile,http://funnyand.com/this-lawyer-is-one-of-the-last-people-alive-who-still-uses-an-iron-lung/?utm_source=snap99&utm_medium=referral&utm_campaign=SNAP-FunnyAnd-US-IronLungz-2-M,www.google.com,www.google.com
xapi:217950:ae4bosdc0g64,17542,"iab1,iab1-4",artsentertainment-humor,thequiz.com,https://www.thequiz.com/take-this-star-wars-quiz-and-get-a-sith-name/?utm_medium=Facebook-Distribution&utm_source=TQ-FB-OG,www.google.com,www.google.com
191012,17542,"iab6,iab6-7",familyparenting-pregnancy,familyeducation.com hb (prebid),https://www.familyeducation.com/pregnancy/week-12-pregnancy/you-are-11-weeks-3-days-pregnant,www.google.com,www.google.com
xapi:202312:vlwaykk_ybwk,17542,"iab9,iab9-25",hobbiesinterests-roleplayinggames,encyclopedia britannica - eb mobile web,https://www.merriam-webster.com/dictionary/xylem,www.google.com,www.google.com
xapi:217956:qqt9al-3mopy,17542,"iab14,iab14-3",society-gaylife,thetalko.com,https://www.thetalko.com/15-signs-she-wants-your-man-2/,www.google.com,www.google.com
217754,17542,"iab17,iab17-4",sports-bodybuilding,interestingengineering.com mobile,https://interestingengineering.com/video/parkour-enthusiasts-try-to-jump-through-a-series-of-impossible-shapes,www.google.com,www.google.com
xapi:217958:v7wdkinxwufu,17542,"iab9,iab9-25",hobbiesinterests-roleplayinggames,thetravel.com,https://www.thetravel.com/9-images-of-cruise-ships-wrecked-by-mother-nature-9-images-of-planes/?utm_source=TV-FB-OG&utm_medium=Facebook-Distribution,www.google.com,www.google.com
194208,17542,iab12,news,the travel,https://www.thetravel.com/9-roads-too-dangerous-to-show-on-tv-11-the-top-gear-hosts-actually-tried/4/?v=6,www.google.com,www.google.com
xapi:205190:vlwaykk_ybwk,17542,"iab17,iab17-12",sports-football,nba - display,https://stats.nba.com/players,www.google.com,www.google.com
266533,17542,"iab5,iab5-10",education-homeschooling,synonym.com,https://www.synonym.com/,www.google.com,www.google.com
216578,17542,"iab17,iab17-3",sports-bicycling,blabbermouth,http://www.blabbermouth.net/news/godsmack-announces-rescheduled-european-tour/,www.google.com,www.google.com
206060,17542,"iab9,iab9-30",hobbiesinterests-videocomputergames,pch.com_mobile_prebid,https://www.pch.com/sweepstakes-play/1-million-supermarket-sweeps,www.google.com,www.google.com
172881,17542,"iab11,iab11-4",lawgovtpolitics-politics,sparknotes.com,https://www.sparknotes.com/biography/troosevelt/quiz/,www.google.com,www.google.com
210544,17542,"iab2,iab2-2",automotives-autorepair,honestjohn.co.uk @ honestjohn.co.uk_hb,https://www.honestjohn.co.uk/,www.google.com,www.google.com
215578,17542,"iab1,iab1-4",artsentertainment-humor,me.me,https://me.me/i/mom-can-you-give-me-money-for-burge-to-buy-18139146,www.google.com,www.google.com
xapi:189490:vlwaykk_ybwk,17542,iab12,news,raycom media eb,http://www.ksla.com,www.google.com,www.google.com
193920,17542,"iab11,iab11-4",lawgovtpolitics-politics,new yorker mweb - index,https://www.newyorker.com/,www.google.com,www.google.com
xapi:199658:ndofgckymmda,17542,"iab11,iab11-4",lawgovtpolitics-politics,fortune.com,http://fortune.com/2018/10/31/steve-king-nrcc-intel-land-o-lakes-purina-support-white-supremacist/,www.google.com,www.google.com
625344,17542,"iab17,iab17-23",sports-olympics,tweettunnel.com_18ed2c7f77ac42b2e5f533ca61c6c7fd,http://www.tweettunnel.com/emmaackland,www.google.com,www.google.com
216699,17542,"iab16,iab16-4",pets-dogs,gbgb.org.uk,http://www.gbgb.org.uk/,www.google.com,www.google.com
xapi:197466:tq_2gh5ybyts,17542,"iab15,iab15-2",science-biology,sciencealert.com,https://www.sciencealert.com/scientists-have-just-discovered-where-hiv-began,www.google.com,www.google.com
203100,17542,"iab16,iab16-4",pets-dogs,dogtime.com,https://dogtime.com/dog-breeds/cairn-terrier,www.google.com,www.google.com
xapi:217948:i6r-q5dbzjfo,17542,"iab9,iab9-30",hobbiesinterests-videocomputergames,thegamer.com,https://www.thegamer.com/15-most-perverted-games-you-dont-want-to-get-caught-playing/,www.google.com,www.google.com
xapi:217944:awky--r41ccc,17542,"iab6,iab6-7",familyparenting-pregnancy,moms.com,https://www.moms.com/20-adorable-slogan-outfits-for-newborns-that-will-make-every-parents-hearts-melt/?utm_source=quora&utm_medium=referral,www.google.com,www.google.com
xapi:198572:vlwaykk_ybwk,17542,"iab8,iab8-2",fooddrink-barbecuesgrilling,myrecipes_mweb,https://www.myrecipes.com/how-to/how-many-tablespoons-are-in-a-cup,www.google.com,www.google.com
xapi:198272:vlwaykk_ybwk,17542,"iab17,iab17-12",sports-football,bleacher report - display,https://bleacherreport.com/articles/2803720-fantasy-football-week-9-workload-watch,www.google.com,www.google.com
xapi:185920:vlwaykk_ybwk,17542,"iab1,iab1-6",artsentertainment-music,iheart - eb,https://kiisfm.iheart.com/content/2018-10-29-kylie-jenner-stormi-are-legit-twins-see-their-nearly-identical-baby-pics,www.google.com,www.google.com
1221,17542,"iab22,iab22-2",shopping-couponing,icominter web app,icominter-3a295.firebaseapp.com/deals.html,www.google.com,www.google.com
xapi:202564:vlwaykk_ybwk,17542,"iab9,iab9-11",hobbiesinterests-comicbooks,lovetoknow - eb,http://sentence.yourdictionary.com/search,www.google.com,www.google.com
211798,17542,"iab17,iab17-24",sports-paintball,history_mobile,https://www.history.com/topics/world-war-i/battle-of-jutland,www.google.com,www.google.com
257165,17542,"iab23,iab23-2",religionspirituality-atheismagnosticism,translationnations.com,http://www.translationnations.com/,www.google.com,www.google.com
219134,17542,"iab22,iab22-2",shopping-couponing,hb blackfriday (mobile),https://blackfriday.com/ads/black-friday/kohls/20,www.google.com,www.google.com
xapi:192338:vlwaykk_ybwk,17542,"iab23,iab23-5",religionspirituality-christianity,playbuzz eb,https://www.playbuzz.com/tomnixon10/only-2-in-96-americans-know-the-17-major-greek-gods-and-goddesses,www.google.com,www.google.com
xapi:191684:glc60sczkyew,17542,"iab18,iab18-1",stylefashion-beauty,health.com,https://www.health.com/beauty/best-lip-balms,www.google.com,www.google.com
101594,17542,"iab22,iab22-1",shopping-contestsfreebies,st-android,http://mysites.straighttalk.com/index,www.google.com,www.google.com
219700,17542,"iab7,iab7-44",healthfitness-weightloss,tatring - mobile,https://wehavekids.com/having-baby/Early-pregnancy-worries-solved-here,www.google.com,www.google.com
xapi:183360:vlwaykk_ybwk,17542,"iab9,iab9-21",hobbiesinterests-needlework,ad thrive - eb,https://happyhooligans.ca/dry-erase-and-water-floating-ink,www.google.com,www.google.com
xapi:193622:vlwaykk_ybwk,17542,iab12,news,frankly eb,https://www.wtok.com/content/news/On-the-Job-Dont-close-your-eyes-499201881.html,www.google.com,www.google.com
256535,17542,"iab10,iab10-9",homegarden-remodelingconstruction,desiretoinspire.net,https://www.desiretoinspire.net/,www.google.com,www.google.com
259397,17542,"iab9,iab9-11",hobbiesinterests-comicbooks,tseirptranslations.com,https://tseirptranslations.com/,www.google.com,www.google.com
627549,17542,"iab18,iab18-1",stylefashion-beauty,independentfashionbl_a1a56456554196e18c472de3043b1971,http://independentfashionbloggers.org/,www.google.com,www.google.com
xapi:210604:vlwaykk_ybwk,17542,"iab23,iab23-2",religionspirituality-atheismagnosticism,independent / evening standard / homes and property / indy100,https://www.independent.co.uk/voices/jamal-khashoggi-saudi-arabia-canada-justin-trudeau-lav-arms-yemen-mohammed-bin-salman-a8612221.html,www.google.com,www.google.com
243258,17542,"iab21,iab21-1",realestate-apartments,viacapitale.com,https://www.viacapitalevendu.com/en/homes-for-sale/,www.google.com,www.google.com
242122,17542,"iab9,iab9-11",hobbiesinterests-comicbooks,fr_ouestfrance_app_android_madvertise_webviewarticle,http://www.ultimedia.com/,www.google.com,www.google.com
xapi:199688:qxjkxl0lepzm,17542,"iab1,iab1-2",artsentertainment-celebrityfangossip,people.com,https://people.com/royals/prince-harry-shares-photo-meghan-markle-instagram-cradling-baby-bump-royal-tour/,www.google.com,www.google.com
xapi:207306:vlwaykk_ybwk,17542,iab12,news,at&t eb,https://start.att.net,www.google.com,www.google.com
260947,17542,"iab13,iab13-11",personalfinance-stocks,rttnews.com,http://www.rttnews.com/,www.google.com,www.google.com
219130,17542,"iab22,iab22-2",shopping-couponing,hb bestblackfriday (mobile),https://bestblackfriday.com/ads/target-black-friday/page-2#ad_view,www.google.com,www.google.com
xapi:217952:3ktwvpirmgfc,17542,"iab1,iab1-5",artsentertainment-movies,therichest.com,https://www.therichest.com/world-entertainment/15-seductive-photos-of-the-vikings-actresses-in-real-life/,www.google.com,www.google.com
617717,18563,"iab19,iab19-6",technologycomputing-cellphones,purch,"https://www.tomsguide.com/us/oneplus-6,review-5438.html",www.google.com,www.google.com
617718,18563,"iab19,iab19-6",technologycomputing-cellphones,purch,"https://www.tomsguide.com/us/oneplus-6,review-5438.html",www.google.com,www.google.com
617720,18563,"iab19,iab19-14",technologycomputing-desktopvideo,purch,https://forums.macrumors.com/threads/mac-mini-2018-is-the-core-i7-worth-it.2151253/,www.google.com,www.google.com
617719,18563,"iab7,iab7-44",healthfitness-weightloss,purch,https://forums.anandtech.com/threads/is-there-a-polite-term-for-diarrhea.2155835/,www.google.com,www.google.com
605305,18563,"iab14,iab14-1",society-dating,mocospace,http://www.mocospace.com/wk/chat/chat.jsp,www.google.com,www.google.com
605306,18563,"iab14,iab14-1",society-dating,mocospace,http://www.mocospace.com/wk/profile-view.jsp,www.google.com,www.google.com
636189,18563,iab12,news,mwvideotablettestunit,https://abcnews.go.com/,www.google.com,www.google.com
612861,18563,"iab17,iab17-12",sports-football,FALSE,http://muthead.com/,www.google.com,www.google.com
625442,18563,"iab14,iab14-3",society-gaylife,omnicity.com_18ed2c7f77ac42b2e5f533ca61c6c7fd,http://omnicity.com/melpennnington,www.google.com,www.google.com
625177,18563,"iab19,iab19-34",technologycomputing-webdesignhtml,viewpure.com_50700862ca83fe0d81c7b3e9d3373783,http://viewpure.com/,www.google.com,www.google.com
625410,18563,"iab17,iab17-4",sports-bodybuilding,nicoclub.com_9eac37e8b1a2e83a495bf704708ed585,https://nicoclub.com/archives/kn-vs-oem-filter.html,www.google.com,www.google.com
626156,18563,"iab17,iab17-3",sports-bicycling,ih8mud.com_9eac37e8b1a2e83a495bf704708ed585,https://forum.ih8mud.com/threads/tell-me-about-anti-inversion-shackles.81744/page-3,www.google.com,www.google.com
625961,18563,"iab11,iab11-4",lawgovtpolitics-politics,americasfreedomfight_2d102469f8b4d82acc968f6f2d707d83,https://americasfreedomfighters.com/americans-pissed-muslim-police/,www.google.com,www.google.com
625444,18563,"iab3,iab3-2",business-agriculture,farmingmods2015.com_9eac37e8b1a2e83a495bf704708ed585,http://www.farmingmods2015.com/static-objects-pack-v1-1-mod/,www.google.com,www.google.com
624353,18563,"iab9,iab9-30",hobbiesinterests-videocomputergames,farming2017mod.com_9eac37e8b1a2e83a495bf704708ed585,http://www.farming2017mod.com/suburgatory-v3-0-ls-2017/,www.google.com,www.google.com
605301,18563,"iab14,iab14-1",society-dating,mocospace,http://www.mocospace.com/wk/profile-view.jsp,www.google.com,www.google.com
605303,18563,"iab14,iab14-6",society-teens,mocospace,http://www.mocospace.com/inbox,www.google.com,www.google.com
625344,18563,"iab17,iab17-23",sports-olympics,tweettunnel.com_18ed2c7f77ac42b2e5f533ca61c6c7fd,http://www.tweettunnel.com/emmaackland,www.google.com,www.google.com
627549,18563,"iab18,iab18-1",stylefashion-beauty,independentfashionbl_a1a56456554196e18c472de3043b1971,http://independentfashionbloggers.org/,www.google.com,www.google.com
623809,18563,"iab17,iab17-12",sports-football,247sports.com_9eac37e8b1a2e83a495bf704708ed585,http://247sports.com/,www.google.com,www.google.com
605304,18563,"iab14,iab14-6",society-teens,mocospace,http://www.mocospace.com/photo,www.google.com,www.google.com
636459,18563,"iab14,iab14-1",society-dating,rewarded_mobile_web,https://www.mocospace.com/wap2/gold/earn/,www.google.com,www.google.com
439815,18563,iab12,news,abc news,http://abcnews.go.com/,www.google.com,www.google.com
623847,18563,"iab1,iab1-5",artsentertainment-movies,whatculture.com_9eac37e8b1a2e83a495bf704708ed585,http://whatculture.com/film/15-sexiest-movies-of-2016?page=12,www.google.com,www.google.com
622342,18563,,,sandesh.com_0a110909cf5de46b9df0f8b3f884145a,http://sandesh.com/,www.google.com,www.google.com
623889,18563,,,anandabazar.com_9eac37e8b1a2e83a495bf704708ed585,https://www.anandabazar.com/state/an-engineer-has-been-arrested-for-blackmailing-a-lady-at-baguiati-dgtl-1.904929?ref=hm-ft-stry-ataglance-2,www.google.com,www.google.com
625169,18563,,,joemonster.org_092d0767e7ae7b5706a0f2bfc0ee7837,https://m.joemonster.org/,www.google.com,www.google.com
625158,18563,,,demotywatory.pl_092d0767e7ae7b5706a0f2bfc0ee7837,https://demotywatory.pl/page/17,www.google.com,www.google.com
623905,18563,,,piekielni.pl_092d0767e7ae7b5706a0f2bfc0ee7837,https://m.piekielni.pl/page/9,www.google.com,www.google.com
623873,18563,,,recetario-cocina.com_7c856ff0cc0e06809e1cf3117f9ee109,https://www.recetario-cocina.com/receta/empanadillas-de-manzana-con-canela/,www.google.com,www.google.com
623907,18563,,,laprovence.com_9eac37e8b1a2e83a495bf704708ed585,https://www.laprovence.com/article/edition-vaucluse/5261244/carpentras-les-deputes-recoivent-la-visite-des-gilets-jaunes.html,www.google.com,www.google.com
623818,18563,,,tvnotas.com.mx_9eac37e8b1a2e83a495bf704708ed585,http://www.tvnotas.com.mx/noticias-espectaculos-mexico/se-dan-otra-oportunidad-ahora-que-adrian-estuvo-punto-de-morir-marimar,www.google.com,www.google.com
623835,18563,,,record.com.mx_9eac37e8b1a2e83a495bf704708ed585,http://www.record.com.mx/futbol/futbol-internacional,www.google.com,www.google.com
625549,18563,"iab17,iab17-9",sports-cricket,offthepost.info_a2fac98e138854c2a33129f377f2b475,http://www.offthepost.info/blog/2009/02/the-jose-mourinho-alex-ferguson-wine-wars-continue/,www.google.com,www.google.com
inneractivetestsite,18563,"iab17,iab17-9",sports-cricket,expressandstar.com,https://www.expressandstar.com/sport/football/wolverhampton-wanderers-fc/2018/08/16/wolves-hero-raul-jimenez-we-can-match-big-boys/,www.google.com,www.google.com
623878,18563,,,paraloscuriosos.com_9eac37e8b1a2e83a495bf704708ed585,https://www.paraloscuriosos.com/a3887/personas-que-sin-duda-alguna-fueron-la-inspiracion-para-algunos-dibujos-animados#utm_source=FBpeopledoubtinspirationOLD&utm_medium=FBcuriosos&utm_campaign=FBpeopledoubtinspirationOLD,www.google.com,www.google.com
621658,18563,,,joovideo.net_ac9db36615684fd7273fb3bceb76d565,http://www.joovideo.net/,www.google.com,www.google.com
623891,18563,"iab11,iab11-4",lawgovtpolitics-politics,theblackloop.com_9eac37e8b1a2e83a495bf704708ed585,https://www.theblackloop.com/video-former-woodland-hills-students-sue-everybody-including-principal-years-abuse/,www.google.com,www.google.com
507703,18563,iab12,news,abc news,http://abcnews.go.com/,www.google.com,www.google.com
623853,18563,,,snapchatdestar.fr_9eac37e8b1a2e83a495bf704708ed585,http://snapchatdestar.fr/snapchat/834-emma-watson-actrices-acteurs,www.google.com,www.google.com
621560,18563,"iab1,iab1-6",artsentertainment-music,curiouscat.me_aee83bd5c74d19c692a8b9cfd43356ab,https://curiouscat.me/hyuklips,www.google.com,www.google.com
623814,18563,,,dolartoday.com_a4d4993561784cf491dec245b0ea104c,https://dolartoday.com/category/economia/,www.google.com,www.google.com
20946,18563,,,aksam,http://www.aksam.com.tr/,www.google.com,www.google.com
603630,18563,"iab17,iab17-23",sports-olympics,8288_1001_90mim_ron_300x250,http://www.90min.com/posts/3397457-japanese-striker-takuma-asano-confirms-surprise-approach-from-arsenal?a_aid=35681,www.google.com,www.google.com
668003,18563,"iab19,iab19-35",technologycomputing-websearch,mrec28,https://ask.fm/,www.google.com,www.google.com
613817,18563,"iab1,iab1-4",artsentertainment-humor,row,http://www.dailyrecord.co.uk,www.google.com,www.google.com
18551_238841,18551,"iab19,iab19-1",technologycomputing-3dgraphics,https://imgur.com/,https://m.imgur.com/U7mP3Z8,www.google.com,www.google.com
18551_233177,18551,"iab17,iab17-9",sports-cricket,http://www.givemesport.com,https://www.givemesport.com/1410676-chelsea-fans-were-on-the-same-wavelength-after-seeing-mateo-kovacic-vs-derby,www.google.com,www.google.com
18551_240060,18551,"iab5,iab5-6",education-distancelearning,tagged,http://m.tagged.com/profile/6061594645/photos/251057889,www.google.com,www.google.com
18551_230919,18551,"iab19,iab19-22",technologycomputing-mp3midi,ulrimate-guitar.com,https://tabs.ultimate-guitar.com/tab/siakol/hindi_mo_ba_alam_chords_89261,www.google.com,www.google.com
18551_139403,18551,"iab14,iab14-3",society-gaylife,philly.com,http://www2.philly.com/philly/opinion/commentary/catholic-social-services-philadelphia-lawsuit-lgbtq-gay-foster-parents-adoption-sharonell-fulton-2-20181031.html,www.google.com,www.google.com
18551_248744,18551,"iab11,iab11-4",lawgovtpolitics-politics,https://www.snopes.com/,https://www.snopes.com/fact-check/wolf-pack-photo,www.google.com,www.google.com
18551_236727,18551,,,.24sata.hr,https://www.express.hr/znanost/stize-nova-gripa-ubit-ce-200-milijuna-ljudi-18700,www.google.com,www.google.com
18551_mobfoxtestsite,18551,"iab17,iab17-9",sports-cricket,expressandstar.com,https://www.expressandstar.com/sport/football/wolverhampton-wanderers-fc/2018/08/16/wolves-hero-raul-jimenez-we-can-match-big-boys/,www.google.com,www.google.com
18551_249575,18551,,,mynet,https://www.mynet.com/caferi-turkiye-idlib-deki-militanlari-cikarttiramazsa-onlarla-suriye-mucadele-edecek-110104573382,www.google.com,www.google.com
18551_537259819,18551,"iab9,iab9-30",hobbiesinterests-videocomputergames,forums.civfanatics.com,https://forums.civfanatics.com/threads/4-strategy-games-to-play-before-you-die.455113/page-2,www.google.com,www.google.com
18551_245351,18551,,,setbeat,http://setbeat.com,www.google.com,www.google.com
18551_76820,18551,"iab3,iab3-2",business-agriculture,test - ustream (aerserv),http://aerserv.com,www.google.com,www.google.com
18551_191405,18551,"iab14,iab14-4",society-marriage,testing_sub_name,http://somestuff.com,www.google.com,www.google.com
18551_3,18551,"iab1,iab1-4",artsentertainment-humor,iab8,imgur.com,www.google.com,www.google.com
35948,19048,"iab17,iab17-9",sports-cricket,expressandstar.com,https://www.expressandstar.com/sport/football/wolverhampton-wanderers-fc/2018/08/16/wolves-hero-raul-jimenez-we-can-match-big-boys/,www.google.com,www.google.com
unitytestsite1234,19048,"iab17,iab17-9",sports-cricket,expressandstar.com,https://www.expressandstar.com/sport/football/wolverhampton-wanderers-fc/2018/08/16/wolves-hero-raul-jimenez-we-can-match-big-boys/,www.google.com,www.google.com
539227580,19048,"iab17,iab17-9",sports-cricket,expressandstar.com,https://www.expressandstar.com/sport/football/wolverhampton-wanderers-fc/2018/08/16/wolves-hero-raul-jimenez-we-can-match-big-boys/,www.google.com,www.google.com
71504,19048,"iab9,iab9-30",hobbiesinterests-videocomputergames,magic jigsaw puzzles,https://itunes.apple.com/us/app/magic-jigsaw-puzzles/id439873467?mt=8,www.google.com,www.google.com
539892449,6665,"iab1,iab1-4",artsentertainment-humor,thesun.co.uk,https://www.thesun.co.uk/,www.google.com,www.google.com
539181724,6665,"iab9,iab9-30",hobbiesinterests-videocomputergames,gameranx.com,https://gameranx.com/features/id/163404/article/black-ops-4-zombies-ix-how-to-get-the-death-of-orion-wonder-weapon-guide/,www.google.com,www.google.com
539853815,6665,iab12,news,mirror.co.uk,https://www.mirror.co.uk/tv/tv-news/morning-fans-slam-rochelle-humess-13512364,www.google.com,www.google.com
540191516,6665,"iab9,iab9-11",hobbiesinterests-comicbooks,icepop.com,http://www.icepop.com/bizarre-hilarious-things-spotted-airport/44/,www.google.com,www.google.com
537221731,6665,"iab7,iab7-44",healthfitness-weightloss,mumsnet.com,https://www.mumsnet.com/Talk/am_i_being_unreasonable/3409742-Aibu-to-wonder-what-will-happen-to-education-in-the-coming-years?pg=3&order=,www.google.com,www.google.com
537316799,6665,"iab1,iab1-4",artsentertainment-humor,dailymail.co.uk,https://www.dailymail.co.uk/femail/article-6339165/Horrors-High-St-baby-scans.html,www.google.com,www.google.com
540208778,6665,"iab14,iab14-3",society-gaylife,dailyfeed.co.uk,http://www.dailyfeed.co.uk/2018/10/60-celebs-you-didnt-know-smoked-2/?utm_source=VT&utm_medium=mobile&utm_campaign=NickCelebsSmokingUKAll220181031-204515dailyfeed_mongini2,www.google.com,www.google.com
540199846,6665,"iab1,iab1-4",artsentertainment-humor,metro.co.uk,https://metro.co.uk/2018/10/30/will-smith-spent-three-years-planning-jadas-40th-to-lift-her-out-of-midlife-crisis-it-backfired-spectacularly-8087689/,www.google.com,www.google.com
540255492,6665,"iab1,iab1-4",artsentertainment-humor,hobbylark.com,https://hobbylark.com/party-games/Never-Have-I-Ever-Questions,www.google.com,www.google.com
539525916,6665,"iab9,iab9-30",hobbiesinterests-videocomputergames,thesmackdownhotel.com,https://www.thesmackdownhotel.com,www.google.com,www.google.com
537311225,6665,"iab1,iab1-4",artsentertainment-humor,read.diply.com,http://read.diply.com//haunting-of-hill-house-fan-theory-crain-siblings-grief?utm_source=snapchat&utm_medium=ernie&utm_content=s001222,www.google.com,www.google.com
119438,6665,iab12,news,sports.inquirer.net,https://sports.inquirer.net/325757/neymar-now-facing-up-to-6-years-in-prison-in-fraud-trial,www.google.com,www.google.com
537295882,6665,"iab19,iab19-15",technologycomputing-email,apps.facebook.com,https://apps.facebook.com/,www.google.com,www.google.com
539005819,6665,"iab5,iab5-6",education-distancelearning,tes.com,https://www.tes.com/,www.google.com,www.google.com
539947088,6665,"iab1,iab1-6",artsentertainment-music,what-song.com,https://www.what-song.com/Movies/Soundtrack/102422/Den-Of-Thieves,www.google.com,www.google.com
539331932,6665,"iab1,iab1-4",artsentertainment-humor,play.howstuffworks.com,https://play.howstuffworks.com/quiz/where-do-you-fall-the-scale-vanilla-kinky?acct=act_1761239360628735&utm_medium=paid&utm_source=facebook&asid=23842972642080056&adid=23842972642560056&mkcpgn=b7ef23cbe3c34a5aa292f6f8abda7697&sg_uid=b7ef23cbe3c34a5aa292f6f8abda7697,www.google.com,www.google.com
539315021,6665,"iab7,iab7-32",healthfitness-nutrition,m.activebeat.com,https://m.activebeat.com/diet-nutrition/10-common-symptoms-of-gerd/5/,www.google.com,www.google.com
537278318,6665,"iab22,iab22-1",shopping-contestsfreebies,ebay.co.uk,https://www.ebay.co.uk/,www.google.com,www.google.com
540303588,6665,"iab1,iab1-4",artsentertainment-humor,buzzfeed.com,https://www.buzzfeed.com/jasminnahar/movie-moments-that-could-have-been-solved-with?bfsource=bbf_enuk,www.google.com,www.google.com
537205836,6665,"iab1,iab1-5",artsentertainment-movies,looper.com,https://www.looper.com/57090/movies-watch-alone/s/the-assassination-of-jesse-james-by-the-coward-robert-ford-2/,www.google.com,www.google.com
537323035,6665,iab12,news,mobile.ghanaweb.com,https://mobile.ghanaweb.com/GhanaHomePage/,www.google.com,www.google.com
539816411,6665,"iab13,iab13-11",personalfinance-stocks,m.zoopla.co.uk,https://m.zoopla.co.uk/to-rent/details/39297907?search_identifier=3869f3e8bd55fe00ea35e0a15c6f84f3,www.google.com,www.google.com
539248620,6665,"iab7,iab7-25",healthfitness-herbsforhealth,healthline.com,https://www.healthline.com/health/kinds-of-natural-mosquito-repellant,www.google.com,www.google.com
537224740,6665,"iab1,iab1-4",artsentertainment-humor,thesun.co.uk,https://www.thesun.co.uk/,www.google.com,www.google.com
540205346,6665,"iab6,iab6-7",familyparenting-pregnancy,babygaga.com,https://www.babygaga.com/baby-moving-in-the-womb-15-things-it-can-tell-you/9/?v=8,www.google.com,www.google.com
537272338,6665,"iab22,iab22-1",shopping-contestsfreebies,ebay.co.uk,https://www.ebay.co.uk/,www.google.com,www.google.com
540196331,6665,"iab9,iab9-25",hobbiesinterests-roleplayinggames,escapistmagazine.com,https://www.escapistmagazine.com/v2/2018/10/31/return-of-the-obra-dinn/,www.google.com,www.google.com
539747217,6665,"iab14,iab14-3",society-gaylife,cosmopolitan.com,https://www.cosmopolitan.com/sex-love/a8669945/19-love-notes-boyfriends-left-for-their-girlfriends-that-will-heal-you/,www.google.com,www.google.com
539707478,6665,"iab18,iab18-1",stylefashion-beauty,therighthairstyles.com,https://therighthairstyles.com/15-side-swept-bangs-to-sweep-your-off-your-feet/2/,www.google.com,www.google.com
540094128,6665,iab12,news,people.com,https://people.com/crime/australian-woman-kills-her-rapist/,www.google.com,www.google.com
539839088,6665,"iab19,iab19-9",technologycomputing-computerperipherals,techadvisor.co.uk,https://www.techadvisor.co.uk/test-centre/digital-home/best-smart-thermostat-2018-3583499/,www.google.com,www.google.com
539915771,6665,"iab19,iab19-36",technologycomputing-windows,manualslib.com,https://www.manualslib.com/manual/676341/Alpine-Iva-W502e.html?page=38&term=bluetooth&selected=5,www.google.com,www.google.com
539826969,6665,"iab17,iab17-2",sports-baseball,futbin.com,https://www.futbin.com/19/player/437/David%20Alaba/,www.google.com,www.google.com
537311210,6665,"iab1,iab1-4",artsentertainment-humor,twohalfmen.wikia.com,http://twohalfmen.wikia.com/wiki/Miss_Pasternak,www.google.com,www.google.com
540185652,6665,iab12,news,people.com,https://people.com/crime/australian-woman-kills-her-rapist/,www.google.com,www.google.com
539732858,6665,"iab14,iab14-3",society-gaylife,narcity.com,https://www.narcity.com/gossip/heres-everything-you-need-to-know-about-bella-harris-drakes-new-18-year-old-model-gf,www.google.com,www.google.com
540023538,6665,"iab5,iab5-10",education-homeschooling,citethisforme.com,http://www.citethisforme.com/cite/website,www.google.com,www.google.com
538911570,6665,iab12,news,content.overwolf.com,http://content.overwolf.com/ads/partners/aniview/playerX3.html?avChannel=59db64a728a06128cf464718&adWidth=400&adHeight=300,www.google.com,www.google.com
539345417,6665,"iab6,iab6-7",familyparenting-pregnancy,community.babycenter.com,https://community.babycenter.com/groups/a6768391/december-2018-birth-club,www.google.com,www.google.com
540381258,6665,"iab9,iab9-30",hobbiesinterests-videocomputergames,vgr.com,https://www.vgr.com/red-dead-redemption-2-how-to-craft-poison-arrows/,www.google.com,www.google.com
540264267,6665,"iab9,iab9-30",hobbiesinterests-videocomputergames,segmentnext.com,https://segmentnext.com/2018/10/27/red-dead-redemption-2-stranger-missions-guide/,www.google.com,www.google.com
539074037,6665,"iab17,iab17-9",sports-cricket,dailypost.co.uk,https://www.dailypost.co.uk/,www.google.com,www.google.com
540060132,6665,"iab14,iab14-3",society-gaylife,kiwireport.com,http://www.kiwireport.com/queen-favorite-grandchild-apparently-might-not-think/?utm_campaign=1PVVE2_av+CarsMagazines+Queen+Grandchild+NoaR+VV+%3D+7+%28Content+Axe%29+-+Mobile+GBR+FB&utm_source=Facebook&utm_medium=WC,www.google.com,www.google.com
540378845,6665,"iab19,iab19-35",technologycomputing-websearch,ask.fm,https://ask.fm/,www.google.com,www.google.com
537325200,6665,"iab1,iab1-2",artsentertainment-celebrityfangossip,ok.co.uk,https://www.ok.co.uk/,www.google.com,www.google.com
540009298,6665,"iab18,iab18-4",stylefashion-jewelry,thesun.co.uk,https://www.thesun.co.uk/fabulous/7629209/topshop-satin-skirt-rust-red/,www.google.com,www.google.com
537223577,6665,iab12,news,mail.com,https://www.mail.com/int/,www.google.com,www.google.com
537297469,6665,"iab9,iab9-11",hobbiesinterests-comicbooks,gradesaver.com,https://www.gradesaver.com/good-night-mr-tom/study-guide/themes,www.google.com,www.google.com
537287853,6665,"iab9,iab9-30",hobbiesinterests-videocomputergames,wowhead.com,https://www.wowhead.com/npc=143193/zandalari-shinchomper,www.google.com,www.google.com
537294643,6665,"iab17,iab17-9",sports-cricket,newsnow.co.uk,https://www.newsnow.co.uk/h/Sport/Football/Championship/Aston+Villa,www.google.com,www.google.com
540006056,6665,"iab17,iab17-40",sports-tennis,fortnitetracker.com,https://fortnitetracker.com/profile/psn/L1Z11988,www.google.com,www.google.com
539280812,6665,"iab9,iab9-29",hobbiesinterests-stampscoins,edition.cnn.com,https://edition.cnn.com/2018/10/31/asia/jin-yong-louis-cha-china-intl/index.html,www.google.com,www.google.com
538913705,6665,"iab9,iab9-11",hobbiesinterests-comicbooks,god-of-slaughter.wikia.com,http://god-of-slaughter.wikia.com/wiki/Di_Yalan,www.google.com,www.google.com
539277690,6665,"iab9,iab9-11",hobbiesinterests-comicbooks,pensandpatron.com,http://www.pensandpatron.com/lists/cast-coronation-street-ob/16/,www.google.com,www.google.com
540101502,6665,"iab17,iab17-4",sports-bodybuilding,icepop.com,http://www.icepop.com/couple-change/20/,www.google.com,www.google.com
539848637,6665,"iab15,iab15-7",science-spaceastronomy,worldtimeserver.com,https://www.worldtimeserver.com/current_time_in_BS.aspx,www.google.com,www.google.com
537325196,6665,iab12,news,express.co.uk,https://www.express.co.uk/,www.google.com,www.google.com
537270407,6665,"iab14,iab14-3",society-gaylife,reddit.com,https://reddit.com,www.google.com,www.google.com
540173803,6665,"iab17,iab17-3",sports-bicycling,singletrackworld.com,https://singletrackworld.com/forum/topic/any-one-who-reads-singletrack-forum-is/,www.google.com,www.google.com
539214985,6665,"iab1,iab1-4",artsentertainment-humor,magiquiz.com,https://www.magiquiz.com/quiz/can-you-solve-these-riddles/12/?one_question_pp,www.google.com,www.google.com
538960677,6665,"iab7,iab7-44",healthfitness-weightloss,healthline.com,https://www.healthline.com/nutrition/lose-10-pounds-in-one-week,www.google.com,www.google.com
540217215,6665,"iab17,iab17-4",sports-bodybuilding,molineuxmix.co.uk,https://www.molineuxmix.co.uk/index.php?threads/lyrics-please.201477/,www.google.com,www.google.com
537309293,6665,"iab21,iab21-1",realestate-apartments,kijiji.ca,https://www.kijiji.ca/v-2-bedroom-apartments-condos/victoria-bc/2-bed-2-bath-downtown-langford-bc/1386913669,www.google.com,www.google.com
540101505,6665,"iab14,iab14-3",society-gaylife,icepop.com,http://www.icepop.com/steven-carter-self-discovery-missing-person/23/,www.google.com,www.google.com
539321818,6665,iab12,news,squawka.com,http://www.squawka.com/en/news/?path=/en/news/&permanent=1&httpPort=80&httpsPort=443,www.google.com,www.google.com
537288390,6665,"iab6,iab6-7",familyparenting-pregnancy,thelist.com,https://www.thelist.com/46744/baby-names-wont-regret-10-years/sl/elizabeth,www.google.com,www.google.com
540105252,6665,"iab6,iab6-7",familyparenting-pregnancy,community.babycentre.co.uk,https://community.babycentre.co.uk/post/a31966364/just-go-with-it.,www.google.com,www.google.com
537325016,6665,"iab17,iab17-9",sports-cricket,bristolpost.co.uk,https://www.bristolpost.co.uk/,www.google.com,www.google.com
539339040,6665,"iab6,iab6-7",familyparenting-pregnancy,mumsnet.com,https://www.mumsnet.com/,www.google.com,www.google.com
537258435,6665,"iab9,iab9-5",hobbiesinterests-boardgamespuzzles,thefreedictionary.com,http://www.thefreedictionary.com/words-that-start-with-eart,www.google.com,www.google.com
539854894,6665,"iab11,iab11-4",lawgovtpolitics-politics,independent.co.uk,https://www.independent.co.uk/news/uk/politics/apple-paradise-papers-tax-jersey-channel-islands-haven-latest-a8040981.html,www.google.com,www.google.com
537317740,6665,"iab1,iab1-6",artsentertainment-music,complex.com,https://www.complex.com/music/2018/11/mac-miller-tribute-concert-livestream,www.google.com,www.google.com
540156786,6665,iab12,news,entertainmentdaily.co.uk,http://www.entertainmentdaily.co.uk,www.google.com,www.google.com
540093969,6665,"iab17,iab17-5",sports-boxing,magazine.ynetnews.com,https://magazine.ynetnews.com/article/212222962/hollywood-affairs-you-have-to-know-about-i2/16/?type=4&a=321&v=2,www.google.com,www.google.com
539168920,6665,"iab1,iab1-6",artsentertainment-music,spotify.com,https://www.spotify.com,www.google.com,www.google.com
539618224,6665,"iab1,iab1-4",artsentertainment-humor,screenrant.com,https://screenrant.com/harry-potter-hagrid-anatomy-trivia-details/14/?v=6,www.google.com,www.google.com
537282280,6665,"iab14,iab14-3",society-gaylife,wis.pr,http://wis.pr/ss/stories/cccfab8a-20a3-4d0b-8179-c9411e1da3d1/This-Is-What-Its-Like-To-Get-Hit-On-By-A-Cop?root_story_id=a23d5b8d-39c9-439f-8043-533c34601804&story_index=5,www.google.com,www.google.com
537259609,6665,"iab7,iab7-9",healthfitness-bipolardisorder,mirror.co.uk,https://www.mirror.co.uk/money/free-cheaper-nhs-prescriptions-12091858,www.google.com,www.google.com
537297233,6665,"iab19,iab19-36",technologycomputing-windows,solveyourtech.com,https://www.solveyourtech.com/how-to-stop-word-2010-from-underlining-misspelled-words/,www.google.com,www.google.com
539226790,6665,"iab9,iab9-5",hobbiesinterests-boardgamespuzzles,wordfinder.yourdictionary.com,http://wordfinder.yourdictionary.com/unscramble/remember_tiles/eelmnprs,www.google.com,www.google.com
539997026,6665,"iab17,iab17-9",sports-cricket,theguardian.com,https://www.theguardian.com/uk/sport,www.google.com,www.google.com
539780769,6665,"iab17,iab17-12",sports-football,resetera.com,https://www.resetera.com/forums/etcetera.9/,www.google.com,www.google.com
539403842,6665,"iab14,iab14-3",society-gaylife,dailymail.co.uk,https://www.dailymail.co.uk/home/index.html,www.google.com,www.google.com
539921787,6665,"iab17,iab17-23",sports-olympics,farandwide.com,https://www.farandwide.com/s/worst-airlines-world-0cace09f0db54400?utm_campaign=worstairlines-ff0ba8f3ef81487f&utm_medium=cpc&utm_source=out&utm_term=Sky+News+%28British+Sky+Broadcasting+Ltd%29,www.google.com,www.google.com
539852488,6665,iab12,news,firstpost.com,https://www.firstpost.com/world/asia-bibi-blasphemy-case-imran-khan-warns-protesters-not-to-confront-state-as-pakistan-erupts-in-violence-5483271.html,www.google.com,www.google.com
539247826,6665,"iab3,iab3-2",business-agriculture,morpethherald.co.uk,https://www.morpethherald.co.uk/news/major-new-northumberland-holiday-park-could-create-130-jobs-1-9422372,www.google.com,www.google.com
539970525,6665,"iab9,iab9-5",hobbiesinterests-boardgamespuzzles,dictionary.com,https://www.dictionary.com/e/crosswordsolver/,www.google.com,www.google.com
540337883,6665,"iab17,iab17-26",sports-probasketball,basketball-reference.com,https://www.basketball-reference.com/,www.google.com,www.google.com
538914788,6665,"iab9,iab9-30",hobbiesinterests-videocomputergames,neoseeker.com,http://www.neoseeker.com/Articles/Games/Features/blur_mp_beta,www.google.com,www.google.com
540034758,6665,"iab7,iab7-44",healthfitness-weightloss,mother.ly,https://www.mother.ly/love/why-married-sex-is-the-best-sex?rebelltitem=1#rebelltitem1,www.google.com,www.google.com
539013328,6665,"iab7,iab7-44",healthfitness-weightloss,community.whattoexpect.com,https://community.whattoexpect.com/forums/breastfeeding/topic/large-poop-tmi-warning.html,www.google.com,www.google.com
539302002,6665,"iab19,iab19-8",technologycomputing-computernetworking,viber.com,http://viber.com/,www.google.com,www.google.com
539431324,6665,"iab19,iab19-25",technologycomputing-networksecurity,mail.libero.it,https://mail.libero.it/appsuite/#!!&app=io.ox/mail&folder=default0/INBOX,www.google.com,www.google.com
540245787,6665,"iab5,iab5-6",education-distancelearning,academia.edu,https://www.academia.edu/16609142/D%C3%BCnya_Sanat_Tarihi_-_Adnan_Turani,www.google.com,www.google.com
539712442,6665,"iab1,iab1-6",artsentertainment-music,biography.com,https://www.biography.com/,www.google.com,www.google.com
537221651,6665,"iab9,iab9-30",hobbiesinterests-videocomputergames,puzzles.standard.co.uk,https://puzzles.standard.co.uk/,www.google.com,www.google.com
540267191,6665,"iab2,iab2-2",automotives-autorepair,telegraph.co.uk,https://www.telegraph.co.uk/cars/features/range-rover-vogue-long-term-test-still-pinnacle-luxury-suvs/,www.google.com,www.google.com
539055766,6665,"iab9,iab9-30",hobbiesinterests-videocomputergames,gamersheroes.com,http://www.gamersheroes.com/game-guides/red-dead-redemption-2-high-stakes-treasure-map-guide/,www.google.com,www.google.com
539071207,6665,"iab9,iab9-11",hobbiesinterests-comicbooks,the-numbers.com,http://www.the-numbers.com/,www.google.com,www.google.com
539655533,6665,"iab19,iab19-18",technologycomputing-internettechnology,it.nametests.com,https://it.nametests.com/test/result/lisa/ps_12651816631,www.google.com,www.google.com
44446,18736,"iab19,iab19-32",technologycomputing-visualbasic,enjin.com,https://traincraft-server.enjin.com/forum/m/49047753/viewforum/9109081,www.google.com,www.google.com
42763,18736,"iab17,iab17-2",sports-baseball,futwiz.com,http://www.futwiz.com/en/fifa17/player/isco/19453,www.google.com,www.google.com
teadscheck,18736,"iab17,iab17-9",sports-cricket,mirror.co.uk,https://www.mirror.co.uk/sport/football/news/alan-shearer-caught-camera-letting-12850976,www.google.com,www.google.com
15596472018,18736,"iab17,iab17-9",sports-cricket,dailymail.co.uk,http://www.dailymail.co.uk/tvshowbiz/article-5912035/amp/Dance-Moms-JoJo-Siwa-15-performs-packed-crowd.html#origin=https%3A%2F%2Fwww.google.com&prerenderSize=1&visibilityState=prerender&paddingTop=0&p2r=0&horizontalScrolling=0&csi=1&viewerUrl=https%3A%2F%2Fwww.google.com%2Famp%2Fwww.dailymail.co.uk%2Ftvshowbiz%2Farticle-5912035%2Famp%2FDance-Moms-JoJo-Siwa-15-performs-packed-crowd.html&history=1&storage=1&cid=1&cap=swipe%2CnavigateTo%2Ccid%2Cfragment%2CreplaceUrl,www.google.com,www.google.com
1.56E+12,18736,"iab17,iab17-9",sports-cricket,dailymail.co.uk,http://www.dailymail.co.uk/tvshowbiz/article-5912035/amp/Dance-Moms-JoJo-Siwa-15-performs-packed-crowd.html#origin=https%3A%2F%2Fwww.google.com&prerenderSize=1&visibilityState=prerender&paddingTop=0&p2r=0&horizontalScrolling=0&csi=1&viewerUrl=https%3A%2F%2Fwww.google.com%2Famp%2Fwww.dailymail.co.uk%2Ftvshowbiz%2Farticle-5912035%2Famp%2FDance-Moms-JoJo-Siwa-15-performs-packed-crowd.html&history=1&storage=1&cid=1&cap=swipe%2CnavigateTo%2Ccid%2Cfragment%2CreplaceUrl,www.google.com,www.google.com
1.56E+14,18736,"iab17,iab17-9",sports-cricket,dailymail.co.uk,http://www.dailymail.co.uk/tvshowbiz/article-5912035/amp/Dance-Moms-JoJo-Siwa-15-performs-packed-crowd.html#origin=https%3A%2F%2Fwww.google.com&prerenderSize=1&visibilityState=prerender&paddingTop=0&p2r=0&horizontalScrolling=0&csi=1&viewerUrl=https%3A%2F%2Fwww.google.com%2Famp%2Fwww.dailymail.co.uk%2Ftvshowbiz%2Farticle-5912035%2Famp%2FDance-Moms-JoJo-Siwa-15-performs-packed-crowd.html&history=1&storage=1&cid=1&cap=swipe%2CnavigateTo%2Ccid%2Cfragment%2CreplaceUrl,www.google.com,www.google.com
43243,18736,"iab17,iab17-44",sports-worldsoccer,sport-english.com,https://www.sport-english.com/en/news/barca/bartomeu-were-watching-the-transfer-market-but-dont-need-to-sign-anyone-6989677,www.google.com,www.google.com
31992,18736,"iab9,iab9-11",hobbiesinterests-comicbooks,fubiz.net,http://www.fubiz.net/2018/08/01/animals-sculptures-fitting-in-the-palm-of-your-hand/,www.google.com,www.google.com
31936,18736,"iab15,iab15-8",science-geography,google.com,https://www.google.com/,www.google.com,www.google.com
31155,18736,"iab17,iab17-9",sports-cricket,eurosport.co.uk,http://lebuzz.eurosport.co.uk/viral/watch-arsenal-boss-wenger-reveals-trolled-referee-35336/,www.google.com,www.google.com
54538,18736,"iab7,iab7-42",healthfitness-substanceabuse,cafebabel.com,https://cafebabel.com/en/article/bologna-ganja-paradise-5ae00beaf723b35a145e80f6/,www.google.com,www.google.com
51872,18736,"iab16,iab16-4",pets-dogs,holidogtimes.com,http://www.holidogtimes.com/12-utterly-gorgeous-labrador-mixes-you-need-in-your-life/,www.google.com,www.google.com
35612,18736,"iab15,iab15-8",science-geography,google.com,http://www.google.com/,www.google.com,www.google.com
20365,18736,"iab15,iab15-8",science-geography,google.com,https://www.google.com/,www.google.com,www.google.com
52994,18736,"iab1,iab1-6",artsentertainment-music,timeout.com,https://www.timeout.com/madrid/bars-and-pubs/madrid-bars-with-free-or-close-enough-live-music,www.google.com,www.google.com
41291,18736,"iab15,iab15-8",science-geography,google.fr,http://www.google.fr/,www.google.com,www.google.com
52997,18736,"iab20,iab20-14",travel-europe,timeout.com,https://www.timeout.com/barcelona/shopping/barcelona-shops-books-in-english,www.google.com,www.google.com
36724,18736,"iab17,iab17-9",sports-cricket,waterfordwhispersnews.com,http://waterfordwhispersnews.com/2018/08/20/referee-fired-for-not-orchestrating-hurling-final-replay/,www.google.com,www.google.com
46451,18736,"iab19,iab19-13",technologycomputing-desktoppublishing,planetsnow.de,https://m.planetsnow.de/racercarver-ps/test-blizzard-g-force-supersonic-iq.364926.6.htm,www.google.com,www.google.com
54650,18736,"iab19,iab19-6",technologycomputing-cellphones,iphone-tricks.com,https://iphone-tricks.com/tutorial/3235-how-to-connect-iphone-to-tv-for-photos-videos,www.google.com,www.google.com
14126,18736,"iab16,iab16-4",pets-dogs,ibtimes.co.uk,https://www.ibtimes.co.uk/puppy-farms-be-kept-tight-leash-theresa-may-announces-crackdown-inhumane-animal-breeders-1652547,www.google.com,www.google.com
mobfoxtestsite,18736,"iab17,iab17-9",sports-cricket,expressandstar.com,https://www.expressandstar.com/sport/football/wolverhampton-wanderers-fc/2018/08/16/wolves-hero-raul-jimenez-we-can-match-big-boys/,www.google.com,www.google.com
teadssite,18736,"iab17,iab17-9",sports-cricket,expressandstar.com,https://www.expressandstar.com/sport/football/wolverhampton-wanderers-fc/2018/08/16/wolves-hero-raul-jimenez-we-can-match-big-boys/,www.google.com,www.google.com
adstream,18736,"iab17,iab17-9",sports-cricket,expressandstar.com,https://www.expressandstar.com/sport/football/wolverhampton-wanderers-fc/2018/08/16/wolves-hero-raul-jimenez-we-can-match-big-boys/,www.google.com,www.google.com
28082,18736,"iab1,iab1-6",artsentertainment-music,cdstarts.de,http://www.cdstarts.de/,www.google.com,www.google.com
55514,18736,"iab19,iab19-25",technologycomputing-networksecurity,speisekarte.de,https://www.speisekarte.de/scharbeutz/restaurant/hamptons/speisekarte,www.google.com,www.google.com
19006,18736,"iab19,iab19-9",technologycomputing-computerperipherals,techadvisor.co.uk,https://www.techadvisor.co.uk/review/hybrid-laptop-tablets/asus-transformer-mini-t102ha-review-3653691/,www.google.com,www.google.com
55857,18736,"iab19,iab19-13",technologycomputing-desktoppublishing,e-hausaufgaben.de,https://e-hausaufgaben.de/Hausaufgaben/D11443-La-Linea-Summary-Chapter-8.php,www.google.com,www.google.com
54999,18736,"iab6,iab6-7",familyparenting-pregnancy,babycenter.com,https://community.babycenter.com/post/a63992500/the-vedgie-vaginal-wedgie,www.google.com,www.google.com
58318,18736,"iab5,iab5-6",education-distancelearning,googleusercontent.com,"https://translate.googleusercontent.com/translate_c?depth=1&nv=1&rurl=translate.google.ba&sp=nmt4&tl=hr&u=https://www.firmenauto.de/winterreifentest-die-besten-reifen-fuer-transporter-6518515.html&xid=17259,15700022,15700043,15700122,15700124,15700149,15700186,15700191,15700201&usg=ALkJrhi0W-KiZlmyqlrQg_HBolHh-HM_uQ",www.google.com,www.google.com
43186,18736,,,gesuendernet.de,https://www.gesuendernet.de/gesundheit/koerper-a-geist/item/893-stuhlgang-wie-oft-ist-eigentlich-normal.html,www.google.com,www.google.com
58313,18736,,,bondguide.de,https://www.bondguide.de/topnews/anleihen-heute-im-fokus-vst-building-pne-ekosem/,www.google.com,www.google.com
58316,18736,,,eurotransport.de,https://www.eurotransport.de/artikel/avevai-iona-van-aus-singapur-e-transporter-mit-daimler-genen-10502772.html,www.google.com,www.google.com
22232,18736,,,spielen.de,https://www.spielen.de/blog/candy-crush-saga-tricks-boese-naschereien/,www.google.com,www.google.com
43473,18736,,,boerse-am-sonntag.de,https://www.boerse-am-sonntag.de/spezial/artikel/beste-sicht-voraus-boersentag-muenchen-7371.html,www.google.com,www.google.com
45512,18736,,,medizin-kompakt.de,https://www.medizin-kompakt.de/organ-indikation-nr-12,www.google.com,www.google.com
44822,18736,,,ytti.de,https://www.ytti.de/basteln-zu-weihnachten-weihnachtsbaume-weihnachtssterne-zusammengesteckt-36340/,www.google.com,www.google.com
52137,18736,,,einstieg.com,https://www.einstieg.com/,www.google.com,www.google.com
23040,18736,,,hoerzu.de,https://m.hoerzu.de/unterhaltung/aktuelles/,www.google.com,www.google.com
55852,18736,,,vertriebsmanager.de,https://www.vertriebsmanager.de/ressort/4-tipps-fuer-die-richtige-begruessung-am-telefon-1381783485,www.google.com,www.google.com
51949,18736,,,ofdb.de,"https://ssl.ofdb.de/review/7948,459172,Der-Sechste-Kontinent",www.google.com,www.google.com
57024,18736,,,ecomento.de,https://ecomento.de/2018/11/26/rivian-r1t-elektroauto-pickup-mit-640-kilometern-reichweite/,www.google.com,www.google.com
26216,18736,,,frustfrei-lernen.de,https://www.frustfrei-lernen.de/biologie/dna-dns-aufbau-struktur.html,www.google.com,www.google.com
51947,18736,,,mathematik-wissen.de,http://www.mathematik-wissen.de/wendepunkt.htm,www.google.com,www.google.com
44766,18736,,,gelbeseiten.de,https://www.gelbeseiten.de/themenwelt/gl/Krankheiten-Therapien/Verdauung-Stoffwechsel/Nikotinvergiftung-Symptome-Behandlung-einer-Ueberdosis,www.google.com,www.google.com
43460,18736,,,farbenundleben.de,http://www.farbenundleben.de/nahrung/ernaehrung_speiseplan_rot.htm,www.google.com,www.google.com
40236,18736,,,ok.de,https://news.ok.de/lifestyle/Lourdes-Leon-Madonnas-Tochter-setzt-provokantes-Fashion-Statement-928200,www.google.com,www.google.com
30972,18736,,,g-zockt.de,http://www.g-zockt.de/psijik-orden-level-guide-fuer-elder-scrolls-online-summerset/2/,www.google.com,www.google.com
57727,18736,,,plantopedia.de,https://www.plantopedia.de/oliven-ernten/,www.google.com,www.google.com
55853,18736,,,betriebsausgabe.de,https://www.betriebsausgabe.de/magazin/die-gaengigsten-incoterms-und-was-sie-bedeuten-3988/,www.google.com,www.google.com
43408,18736,,,utopia.de,https://utopia.de/ratgeber/12-bilder-die-zeigen-dass-mit-unserer-konsumkultur-etwas-nicht-stimmt/,www.google.com,www.google.com
55860,18736,,,windowspro.de,https://www.windowspro.de/tipp/diskpart-medium-ist-schreibgeschuetzt,www.google.com,www.google.com
40169,18736,,,mamiundpapi.de,https://www.mamiundpapi.de/grossfamilien-heute-das-leben-als-grossfamilie,www.google.com,www.google.com
49618,18736,,,abendblatt.de,https://www.abendblatt.de/sport/fussball/hsv/article215883667/Mitspieler-vermissen-Lasogga-Hwang-muss-den-Sack-zumachen.html,www.google.com,www.google.com
48282,18736,,,express.de,https://mobil.express.de/news/panorama/um-ihn-zu--heilen--vater-zwingt-sohn--11--zum-sex-mit-ihm-und-der-stiefmutter-31654458,www.google.com,www.google.com
44707,18736,,,wunderweib.de,https://intouch.wunderweib.de/hier-jetzt-neue-doku-soap-bei-rtl-ii-87547.html,www.google.com,www.google.com
44643,18736,,,bravo.de,https://www.bravo.de/dr-sommer-spannende-sex-fragen-377768.html,www.google.com,www.google.com
48284,18736,,,berliner-kurier.de,https://mobil.berliner-kurier.de/news/promi--show/sieben-tage-vor-seinem-tod-jens-buechner---49--machte-freundin-dramatisches-gestaendnis-31646512?originalReferrer=http://m.facebook.com&dmcid=sm_fb_p,www.google.com,www.google.com
28715,18736,,,kicker.de,http://www.kicker.de/news/fussball/chleague/startseite/736821/artikel_cl-einnahmen_wie-aus-3-millionen-euro-135-millionen-wurden.html,www.google.com,www.google.com
44730,18736,,,wunderweib.de,https://www.wunderweib.de/meghan-markle-so-sehr-leidet-das-personal-unter-der-herzogin-106021.html,www.google.com,www.google.com
28688,18736,,,t-online.de,https://www.t-online.de/unterhaltung/stars/id_84849866/an-der-seite-von-juan-barbara-becker-ueberrascht-mit-neuem-look.html,www.google.com,www.google.com
46665,18736,,,praxisvita.de,https://www.praxisvita.de/,www.google.com,www.google.com
44724,18736,,,selbst.de,https://www.selbst.de/,www.google.com,www.google.com
48283,18736,,,mz-web.de,https://mobil.mz-web.de/panorama/stars-und-prominente/-du-bist-kein-model--gntm-coach-stellt-shania-geiss-mit-harter-kritik-bloss-31654026,www.google.com,www.google.com
44620,18736,,,kino.de,https://www.kino.de/,www.google.com,www.google.com
44714,18736,,,liebenswert-magazin.de,https://www.liebenswert-magazin.de/zimtwaffeln-von-oma-das-rezept-aus-dem-saarland-2951.html,www.google.com,www.google.com
51190,18736,,,stylevamp.de,http://www.stylevamp.de/p/tyhxmc/9-seltsame-dinge-die-jede-frau-im-bad-macht/2,www.google.com,www.google.com
44619,18736,,,giga.de,https://www.giga.de/konsolen/playstation-4/tipps/ps4-benutzer-loeschen-so-geht-es-schnell-und-einfach/,www.google.com,www.google.com
49617,18736,,,derwesten.de,https://www.derwesten.de/region/parkscheibe-pink-rosa-id215882933.html?utm_medium=social&utm_source=facebook&utm_campaign=westen_fb&utm_term=artikel,www.google.com,www.google.com
44638,18736,,,autozeitung.de,https://www.autozeitung.de/eu-fuehrerschein-neue-fuehrerscheine-muessen-nach-15-jahren-getauscht-werden-53128.html?utm_medium=referral&utm_source=upday,www.google.com,www.google.com
50877,18736,,,faszination-fankurve.de,https://www.faszination-fankurve.de/index.php?head=Polizeieinsatz-beim-Hamburger-SV-gegen-Union-Berlin&folder=sites&site=news_detail&news_id=19401,www.google.com,www.google.com
48285,18736,,,ksta.de,https://mobil.ksta.de/,www.google.com,www.google.com
46669,18736,,,wunderweib.de,https://astrowoche.wunderweib.de/das-jahreshoroskop-2018-fuer-das-sternzeichen-widder-8924.html,www.google.com,www.google.com
44623,18736,,,spieletipps.de,https://www.spieletipps.de/fragen-13127693-pokemon-y-megaglurak-10-y/,www.google.com,www.google.com
49622,18736,,,nrz.de,https://www.nrz.de/panorama/guetersloh-junge-stirbt-nach-narkose-einleitung-in-routine-op-id215865455.html?utm_source=newsrepublic&utm_medium=newsaggregator&utm_campaign=newsrepublic,www.google.com,www.google.com
49958,18736,,,berliner-zeitung.de,https://mobil.berliner-zeitung.de/berlin/grundstuecke-am-spreeufer-so-will-die-holzmarkt-genossenschaft-ihr-wohnprojekt-retten-31656208,www.google.com,www.google.com
44722,18736,,,maennersache.de,https://www.maennersache.de/missionar-john-allen-chau-getoetet-north-sentinel-bergung-verhindert-10951.html,www.google.com,www.google.com
44701,18736,,,cosmopolitan.de,https://www.cosmopolitan.de/,www.google.com,www.google.com
49619,18736,,,morgenpost.de,https://www.morgenpost.de/vermischtes/article215878225/Kuriose-Wohnung-in-Freiburg-zu-vermieten-mit-Innenbalkon.html,www.google.com,www.google.com
44727,18736,,,tvmovie.de,https://www.tvmovie.de/news/meghan-markle-und-prinz-harry-sind-sie-unausstehlich-drei-mitarbeiter-haben-gekuendigt-103259,www.google.com,www.google.com
35172,18736,,,kuechengoetter.de,https://www.kuechengoetter.de/,www.google.com,www.google.com
49626,18736,,,thueringer-allgemeine.de,https://m.thueringer-allgemeine.de/,www.google.com,www.google.com
44607,18736,,,desired.de,https://www.desired.de/mami/baby/lustige-sprueche-zur-geburt/,www.google.com,www.google.com
48287,18736,,,mopo.de,https://mobil.mopo.de/news/panorama/zwoelf-jahre-nicht-gesehen-frau-sucht-mit-foto-nach-freundin-und-erlebt-ueberraschung-31651922,www.google.com,www.google.com
32822,18736,,,stylestate.de,https://stylestate.de/,www.google.com,www.google.com
44985,18736,,,wunderweib.de,https://wohnidee.wunderweib.de/die-neuen-sideboards-sind-inspirierende-supertalente-565.html?repostnov,www.google.com,www.google.com
35169,18736,,,fuersie.de,https://m.fuersie.de/lifestyle/weihnachten/galerie/weihnachtsdeko-basteln-einen-kranz-binden-anleitung-und-tipps/page/6,www.google.com,www.google.com
49447,18736,,,menshealth.de,https://www.menshealth.de/artikel/wie-viel-urin-passt-in-die-blase.20435.html,www.google.com,www.google.com
35158,18736,,,familienkultour.de,https://www.familienkultour.de/technik/hamburg/paternosterfahrt-in-hamburg/,www.google.com,www.google.com
49623,18736,,,ikz-online.de,https://www.ikz-online.de/,www.google.com,www.google.com
44628,18736,,,gamona.de,"http://www.gamona.de/games/wort-guru,guide-loesungen-fuer-alle-level-und:article.html",www.google.com,www.google.com
49620,18736,,,wr.de,https://www.wr.de/,www.google.com,www.google.com
51549,18736,"iab17,iab17-31",sports-sailing,wrestling-infos.de,https://www.wrestling-infos.de/,www.google.com,www.google.com
49625,18736,,,otz.de,https://m.otz.de/,www.google.com,www.google.com
28691,18736,,,petra.de,https://www.petra.de/sex/liebe-psyche/artikel/die-freundin-und-der-ex-freund,www.google.com,www.google.com
44709,18736,,,lecker.de,https://www.lecker.de/einfacher-nudelsalat-so-gehts-76625.html,www.google.com,www.google.com
47229,18736,,,trndmusik.de,http://m.trndmusik.de/2018/11/verbunden-mit-einem-schwebegefuehl-kalipo-veroeffentlicht-das-album-space-bob-auf-ki-records/,www.google.com,www.google.com
51191,18736,,,fussballfieber.de,http://www.fussballfieber.de/p/hcj6zu/diese-fuenf-spieler-haette-bayern-nie-abgeben-duerfen/4,www.google.com,www.google.com
25261,18736,,,entertainweb.de,https://www.entertainweb.de/games/specials/ps4/item/3377-ps4-wirft-disc-von-selbst-aus-so-laesst-sich-das-problem-loesen.html,www.google.com,www.google.com
53964,18736,,,anpfiff.info,http://www.anpfiff.info/sites/liga/start.aspx?SK=6&Rub=85&Lg=117&Sais=119&Men=22,www.google.com,www.google.com
